,survival,pclass,sex,age,sibsp,parch,fare,embarked,class,who,adult_male,embark_town,alive,alone,family_size
0,0,3,male,-0.9873866535578852,1,0,-2.136069546678648,S,Third,man,True,Southampton,no,False,1
2,1,3,female,-0.7963314167951762,0,0,-2.0470486957818874,S,Third,woman,False,Southampton,yes,True,0
3,1,1,female,-0.46608972992459924,1,0,-0.1448940872973386,S,First,woman,False,Southampton,yes,False,1
4,0,3,male,-0.46608972992459924,0,0,-2.0313989241147596,S,Third,man,True,Southampton,no,True,0
5,0,3,male,-0.6471951147908197,0,0,-1.9819228077458548,Q,Third,man,True,Queenstown,no,True,0
6,0,1,male,0.0,0,0,-0.16847502988624555,S,First,man,True,Southampton,no,True,0
8,1,3,female,-0.7537718023763802,0,2,-1.7071303982471446,S,Third,woman,False,Southampton,yes,False,2
9,1,2,female,-1.5339303599259553,1,0,-0.7135164143093983,C,Second,child,False,Cherbourg,yes,False,1
10,1,3,female,-3.9318256327243257,1,1,-1.3016622961225222,S,Third,child,False,Southampton,yes,False,2
12,0,3,male,-1.0986122886681098,0,0,-2.0313989241147596,S,Third,man,True,Southampton,no,True,0
13,0,3,male,-0.34830669426821587,1,5,-0.674251959192257,S,Third,man,True,Southampton,no,False,6
14,0,3,female,-1.5339303599259553,0,0,-2.0560225949822875,S,Third,child,False,Southampton,no,True,0
17,1,2,male,-0.6471951147908197,0,0,-1.552121658083695,S,Second,man,True,Southampton,yes,True,0
18,0,3,female,-0.5996211225491219,1,0,-1.226699257649067,S,Third,woman,False,Southampton,no,False,1
19,1,3,female,-0.6471951147908197,0,0,-2.139523781546736,C,Third,woman,False,Cherbourg,yes,True,0
20,0,2,male,-0.46608972992459924,0,0,-0.8589744775237497,S,Second,man,True,Southampton,no,True,0
21,1,2,male,-0.4978384282391796,0,0,-1.552121658083695,S,Second,man,True,Southampton,yes,True,0
22,1,3,female,-1.4469189829363254,0,0,-2.0339861189505974,Q,Third,child,False,Queenstown,yes,True,0
23,1,1,male,-0.7129498078561249,0,0,-0.5475383190638616,S,First,man,True,Southampton,yes,True,0
24,0,3,female,-2.322387720290225,3,1,-1.0689835116573125,S,Third,child,False,Southampton,no,False,4
25,1,3,female,-0.3764775712349121,1,5,-0.6706612910615284,S,Third,woman,False,Southampton,yes,False,6
26,0,3,male,-0.6471951147908197,0,0,-2.139523781546736,C,Third,man,True,Cherbourg,no,True,0
28,1,3,female,-0.6471951147908197,0,0,-2.0528446396718762,Q,Third,woman,False,Queenstown,yes,True,0
29,0,3,male,-0.6471951147908197,0,0,-2.0507400430154914,S,Third,man,True,Southampton,no,True,0
30,0,1,male,-0.3209077200801014,0,0,-0.7948879816111118,C,First,man,True,Cherbourg,no,True,0
32,1,3,female,-0.6471951147908197,0,0,-2.069378172179976,Q,Third,woman,False,Queenstown,yes,True,0
35,0,1,male,-0.2682639865946794,1,0,-0.16582729696380435,S,First,man,True,Southampton,no,False,1
36,1,3,male,-0.6471951147908197,0,0,-2.1389426355658854,C,Third,man,True,Cherbourg,yes,True,0
37,0,3,male,-1.0414538748281612,0,0,-2.0313989241147596,S,Third,man,True,Southampton,no,True,0
38,0,3,female,-1.2237754316221159,2,0,-1.226699257649067,S,Third,woman,False,Southampton,no,False,2
39,1,3,female,-1.5339303599259553,1,0,-1.6974409369645407,C,Third,child,False,Cherbourg,yes,False,1
40,0,3,female,-0.3209077200801014,1,0,-1.8684142645767419,S,Third,woman,False,Southampton,no,False,1
41,0,2,female,-0.7537718023763802,1,0,-1.0725485778218087,S,Second,woman,False,Southampton,no,False,1
42,0,3,male,-0.6471951147908197,0,0,-2.0507400430154914,C,Third,man,True,Cherbourg,no,True,0
43,1,2,female,-inf,1,2,-0.38947097331969643,C,Second,child,False,Cherbourg,yes,False,3
44,1,3,female,-1.1592369104845446,0,0,-2.0528446396718762,Q,Third,woman,False,Queenstown,yes,True,0
45,0,3,male,-0.6471951147908197,0,0,-2.0313989241147596,S,Third,man,True,Southampton,no,True,0
46,0,3,male,-0.6471951147908197,1,0,-1.3762309916200308,Q,Third,man,True,Queenstown,no,False,1
48,0,3,male,-0.6471951147908197,2,0,-1.0407177400236254,C,Third,man,True,Cherbourg,no,False,2
49,0,3,female,-1.2237754316221159,1,0,-1.2378725582471921,S,Third,woman,False,Southampton,no,False,1
50,0,3,male,-2.545531271604435,4,1,-0.43603473889232136,S,Third,child,False,Southampton,no,False,5
51,0,3,male,-1.0414538748281612,0,0,-2.0629472818496857,S,Third,man,True,Southampton,no,True,0
53,1,2,female,-0.6737290947028438,1,0,-0.8589744775237497,S,Second,woman,False,Southampton,yes,False,1
55,1,1,male,-0.6471951147908197,0,0,-0.5475383190638616,S,First,man,True,Southampton,yes,True,0
56,1,2,female,-1.0414538748281612,0,0,-1.765695758381754,S,Second,woman,False,Southampton,yes,True,0
57,0,3,male,-0.6931471805599453,0,0,-2.1389426355658854,C,Third,man,True,Cherbourg,no,True,0
58,1,2,female,-3.2386784521643803,1,2,-0.7938351753527881,S,Second,child,False,Southampton,yes,False,3
59,0,3,male,-1.8523840910444898,5,2,-0.26905334009299814,S,Third,child,False,Southampton,no,False,7
60,0,3,male,-0.9873866535578852,0,0,-2.1389426355658854,C,Third,man,True,Cherbourg,no,True,0
63,0,3,male,-3.9318256327243257,3,2,-0.7884443267179118,S,Third,child,False,Southampton,no,False,5
64,0,1,male,-0.6471951147908197,0,0,-0.7948879816111118,C,First,man,True,Cherbourg,no,True,0
65,1,3,male,-0.6471951147908197,1,1,-1.3927669602601305,C,Third,man,True,Cherbourg,yes,False,2
66,1,2,female,-0.6737290947028438,0,0,-1.765695758381754,S,Second,woman,False,Southampton,yes,True,0
67,0,3,male,-1.1592369104845446,0,0,-2.0180352016069527,S,Third,man,True,Southampton,no,True,0
68,1,3,female,-1.2927683031090673,4,2,-2.0470486957818874,S,Third,woman,False,Southampton,yes,False,6
69,0,3,male,-0.7963314167951762,2,0,-1.95806765102921,S,Third,man,True,Southampton,no,False,2
70,0,2,male,-0.5645298027378518,0,0,-1.765695758381754,S,Second,man,True,Southampton,no,True,0
71,0,3,female,-1.3668762752627892,5,2,-0.26905334009299814,S,Third,woman,False,Southampton,no,False,7
73,0,3,male,-0.7963314167951762,1,0,-1.4460859857800346,C,Third,man,True,Cherbourg,no,False,1
74,1,3,male,-0.5645298027378518,0,0,-0.08290471643910076,S,Third,man,True,Southampton,yes,True,0
75,0,3,male,-0.84078317936601,0,0,-2.082365367706787,S,Third,man,True,Southampton,no,True,0
79,1,3,female,-0.6359887667199967,0,0,-1.5933443739076494,S,Third,woman,False,Southampton,yes,True,0
80,0,3,male,-0.9873866535578852,0,0,-1.9198464382090124,S,Third,man,True,Southampton,no,True,0
81,1,3,male,-0.6737290947028438,0,0,-1.8657792169387366,S,Third,man,True,Southampton,yes,True,0
82,1,3,female,-0.6471951147908197,0,0,-2.0645511314316605,Q,Third,woman,False,Queenstown,yes,True,0
83,0,1,male,-0.7129498078561249,0,0,-0.26479801452285967,S,First,man,True,Southampton,no,True,0
84,1,2,female,-1.2927683031090673,0,0,-1.765695758381754,S,Second,woman,False,Southampton,yes,True,0
85,1,3,female,-0.5306282510621704,3,0,-1.353901515221942,S,Third,woman,False,Southampton,yes,False,3
86,0,3,male,-1.3668762752627892,1,3,-0.5797414595584964,S,Third,man,True,Southampton,no,False,4
89,0,3,male,-0.8873031950009028,0,0,-2.0313989241147596,S,Third,man,True,Southampton,no,True,0
90,0,3,male,-0.6737290947028438,0,0,-2.0313989241147596,S,Third,man,True,Southampton,no,True,0
91,0,3,male,-1.0986122886681098,0,0,-2.0560225949822875,S,Third,man,True,Southampton,no,True,0
92,0,1,male,-0.17062551703076334,1,0,-0.0033324062164964093,S,First,man,True,Southampton,no,False,1
93,0,3,male,-0.7963314167951762,1,2,-1.0929942689820984,S,Third,man,True,Southampton,no,False,3
98,1,2,female,-0.4978384282391796,0,1,-0.981576799616082,S,Second,woman,False,Southampton,yes,False,1
99,0,2,male,-0.4978384282391796,1,0,-0.8589744775237497,S,Second,man,True,Southampton,no,False,1
100,0,3,female,-0.7129498078561249,0,0,-2.0507400430154914,S,Third,woman,False,Southampton,no,True,0
103,0,3,male,-0.5306282510621704,0,0,-1.9590262633093325,S,Third,man,True,Southampton,no,True,0
104,0,3,male,-0.40546510810816444,2,0,-2.0470486957818874,S,Third,man,True,Southampton,no,False,2
105,0,3,male,-0.7129498078561249,0,0,-2.0507400430154914,S,Third,man,True,Southampton,no,True,0
106,1,3,female,-1.0414538748281612,0,0,-2.082365367706787,S,Third,woman,False,Southampton,yes,True,0
107,1,3,male,-0.6471951147908197,0,0,-2.066157557479934,S,Third,man,True,Southampton,yes,True,0
108,0,3,male,-0.3764775712349121,0,0,-2.0507400430154914,S,Third,man,True,Southampton,no,True,0
109,1,3,female,-0.6471951147908197,1,0,-0.9327866354466501,Q,Third,woman,False,Queenstown,yes,False,1
110,0,1,male,-0.14763599880606468,0,0,-0.16582729696380435,S,First,man,True,Southampton,no,True,0
111,0,3,female,-1.4894785973551214,1,0,-1.4460859857800346,C,Third,child,False,Cherbourg,no,False,1
112,0,3,male,-0.9873866535578852,0,0,-2.0313989241147596,S,Third,man,True,Southampton,no,True,0
113,0,3,female,-1.0986122886681098,1,0,-1.8321408577899068,S,Third,woman,False,Southampton,no,False,1
114,0,3,female,-1.2927683031090673,0,0,-1.44580237142448,C,Third,woman,False,Cherbourg,no,True,0
115,0,3,male,-1.0414538748281612,0,0,-2.0470486957818874,S,Third,man,True,Southampton,no,True,0
117,0,2,male,-0.6737290947028438,1,0,-1.0725485778218087,S,Second,man,True,Southampton,no,False,1
122,0,2,male,-0.5474353693785518,1,0,-0.7135164143093983,C,Second,man,True,Cherbourg,no,False,1
123,1,2,female,-0.5474353693785518,0,0,-1.552121658083695,S,Second,woman,False,Southampton,yes,True,0
125,1,3,male,-1.7346010553881064,1,0,-1.6974409369645407,C,Third,child,False,Cherbourg,yes,False,1
126,0,3,male,-0.6471951147908197,0,0,-2.069378172179976,Q,Third,man,True,Queenstown,no,True,0
127,1,3,male,-0.8873031950009028,0,0,-2.1511201722958164,S,Third,man,True,Southampton,yes,True,0
128,1,3,female,-0.6471951147908197,1,1,-1.0098733987711959,C,Third,woman,False,Cherbourg,yes,False,2
129,0,3,male,-0.1941560144409575,0,0,-2.1747386878378023,S,Third,man,True,Southampton,no,True,0
130,0,3,male,-0.5306282510621704,0,0,-2.0507400430154914,C,Third,man,True,Cherbourg,no,True,0
131,0,3,male,-1.0986122886681098,0,0,-2.1640433987210543,S,Third,man,True,Southampton,no,True,0
132,0,3,female,-0.14763599880606468,1,0,-1.442922366118703,S,Third,woman,False,Southampton,no,False,1
134,0,2,male,-0.84078317936601,0,0,-1.552121658083695,S,Second,man,True,Southampton,no,True,0
135,0,2,male,-0.9360933591703348,0,0,-1.4059721330650026,C,Second,man,True,Cherbourg,no,True,0
136,1,1,female,-1.1592369104845446,0,2,-0.8481372590359162,S,First,woman,False,Southampton,yes,False,2
137,0,1,male,-0.40546510810816444,1,0,-0.1448940872973386,S,First,man,True,Southampton,no,False,1
138,0,3,male,-1.3668762752627892,0,0,-1.8960539596150097,S,Third,man,True,Southampton,no,True,0
140,0,3,female,-0.6471951147908197,0,2,-1.3927669602601305,C,Third,woman,False,Cherbourg,no,False,2
141,1,3,female,-0.9873866535578852,0,0,-2.069378172179976,S,Third,woman,False,Southampton,yes,True,0
142,1,3,female,-0.8873031950009028,1,0,-1.353901515221942,S,Third,woman,False,Southampton,yes,False,1
143,0,3,male,-1.1592369104845446,0,0,-2.207528510660793,Q,Third,man,True,Queenstown,no,True,0
144,0,2,male,-1.2237754316221159,0,0,-1.6747239801760272,S,Second,man,True,Southampton,no,True,0
145,0,2,male,-1.1592369104845446,1,1,-0.512932789886386,S,Second,man,True,Southampton,no,False,2
146,1,3,male,-0.7537718023763802,0,0,-2.063485888410623,S,Third,man,True,Southampton,yes,True,0
147,0,3,female,-2.1400661634962708,2,2,-0.5797414595584964,S,Third,child,False,Southampton,no,False,4
148,0,2,male,-0.420280193893305,0,2,-0.8589744775237497,S,Second,man,True,Southampton,no,False,2
149,0,2,male,-0.2682639865946794,0,0,-1.552121658083695,S,Second,man,True,Southampton,no,True,0
150,0,2,male,-0.060624621816434854,0,0,-1.5893443685743032,S,Second,man,True,Southampton,no,True,0
153,0,3,male,-0.3074846997479607,0,2,-1.442922366118703,S,Third,man,True,Southampton,no,False,2
154,0,3,male,-0.6471951147908197,0,0,-2.1274858029872568,S,Third,man,True,Southampton,no,True,0
155,0,1,male,-0.060624621816434854,0,1,0.0,C,First,man,True,Cherbourg,no,False,1
156,1,3,female,-1.3668762752627892,0,0,-2.0715353358951942,Q,Third,woman,False,Queenstown,yes,True,0
157,0,3,male,-0.6359887667199967,0,0,-2.0313989241147596,S,Third,man,True,Southampton,no,True,0
158,0,3,male,-0.6471951147908197,0,0,-1.95806765102921,S,Third,man,True,Southampton,no,True,0
160,0,3,male,-0.21825356602001794,0,1,-1.3382517435548142,S,Third,man,True,Southampton,no,False,1
161,1,2,female,-0.3209077200801014,0,0,-1.3602306502735897,S,Second,woman,False,Southampton,yes,True,0
162,0,3,male,-0.7963314167951762,0,0,-2.066157557479934,S,Third,man,True,Southampton,no,True,0
163,0,3,male,-1.2927683031090673,0,0,-1.95806765102921,S,Third,man,True,Southampton,no,True,0
165,1,3,male,-2.1400661634962708,0,2,-1.09542736020674,S,Third,child,False,Southampton,yes,False,2
166,1,1,female,-0.6471951147908197,0,1,-0.1097378303127608,S,First,woman,False,Southampton,yes,False,1
167,0,3,female,-0.1941560144409575,1,4,-0.7884443267179118,S,Third,woman,False,Southampton,no,False,5
168,0,1,male,-0.6471951147908197,0,0,-0.8618632614296406,S,First,man,True,Southampton,no,True,0
169,0,3,male,-0.7129498078561249,0,0,-0.08290471643910076,S,Third,man,True,Southampton,no,True,0
171,0,3,male,-3.9318256327243257,4,1,-0.7454741036593671,Q,Third,child,False,Queenstown,no,False,5
175,0,3,male,-1.2237754316221159,1,1,-2.0560225949822875,S,Third,man,True,Southampton,no,False,2
176,0,3,male,-0.6471951147908197,3,1,-0.8796992991411997,S,Third,man,True,Southampton,no,False,4
177,0,1,female,-0.08167803101426724,0,0,-0.7597384475300152,C,First,woman,False,Cherbourg,no,True,0
178,0,2,male,-0.6359887667199967,0,0,-1.552121658083695,S,Second,man,True,Southampton,no,True,0
179,0,3,male,-0.43531807125784566,0,0,-inf,S,Third,man,True,Southampton,no,True,0
181,0,2,male,-0.6471951147908197,0,0,-1.405693024350347,C,Second,man,True,Cherbourg,no,True,0
182,0,3,male,-2.1400661634962708,4,2,-0.6706612910615284,S,Third,child,False,Southampton,no,False,6
184,1,3,female,-3.9318256327243257,0,2,-1.0248928437229887,S,Third,child,False,Southampton,yes,False,2
185,0,1,male,-0.6471951147908197,0,0,-0.20504801011708573,S,First,man,True,Southampton,no,True,0
186,1,3,female,-0.6471951147908197,1,0,-1.3762309916200308,Q,Third,woman,False,Queenstown,yes,False,1
187,1,1,male,-0.1941560144409575,0,0,-0.838041267857284,S,First,man,True,Southampton,yes,True,0
188,0,3,male,-0.3209077200801014,1,1,-1.3762309916200308,Q,Third,man,True,Queenstown,no,False,2
189,0,3,male,-0.43531807125784566,0,0,-2.0507400430154914,S,Third,man,True,Southampton,no,True,0
190,1,2,female,-0.5645298027378518,0,0,-1.552121658083695,S,Second,woman,False,Southampton,yes,True,0
191,0,2,male,-1.1592369104845446,0,0,-1.552121658083695,S,Second,man,True,Southampton,no,True,0
192,1,3,female,-1.1592369104845446,1,0,-2.0560225949822875,S,Third,woman,False,Southampton,yes,False,1
193,1,2,male,-inf,1,1,-0.8589744775237497,S,Second,child,False,Southampton,yes,False,2
194,1,1,female,-0.21825356602001794,0,0,-0.7948879816111118,C,First,woman,False,Cherbourg,yes,True,0
197,0,3,male,-0.2682639865946794,0,1,-1.9883394346543128,S,Third,man,True,Southampton,no,False,1
199,0,2,female,-0.8873031950009028,0,0,-1.552121658083695,S,Second,woman,False,Southampton,no,True,0
200,0,3,male,-0.7129498078561249,0,0,-1.8657792169387366,S,Third,man,True,Southampton,no,True,0
202,0,3,male,-0.4978384282391796,0,0,-2.2459152013371604,S,Third,man,True,Southampton,no,True,0
203,0,3,male,-0.1823215567939547,0,0,-2.139523781546736,C,Third,man,True,Cherbourg,no,True,0
204,1,3,male,-1.2237754316221159,0,0,-2.0313989241147596,S,Third,man,True,Southampton,yes,True,0
206,0,3,male,-0.5645298027378518,1,0,-1.353901515221942,S,Third,man,True,Southampton,no,False,1
207,1,3,male,-0.7963314167951762,0,0,-1.1838792604661388,C,Third,man,True,Cherbourg,yes,True,0
208,1,3,female,-1.3668762752627892,0,0,-2.069378172179976,Q,Third,woman,False,Queenstown,yes,True,0
209,1,1,male,-0.3209077200801014,0,0,-0.6830838110600855,C,First,man,True,Cherbourg,yes,True,0
210,0,3,male,-0.8873031950009028,0,0,-2.1640433987210543,S,Third,man,True,Southampton,no,True,0
211,1,2,female,-0.46608972992459924,0,0,-1.0725485778218087,S,Second,woman,False,Southampton,yes,True,0
212,0,3,male,-0.9873866535578852,0,0,-2.136069546678648,S,Third,man,True,Southampton,no,True,0
214,0,3,male,-0.6471951147908197,1,0,-2.069378172179976,Q,Third,man,True,Queenstown,no,False,1
216,1,3,female,-0.7537718023763802,0,0,-2.0470486957818874,S,Third,woman,False,Southampton,yes,True,0
217,0,2,male,-0.2682639865946794,1,0,-0.8212341495409027,S,Second,man,True,Southampton,no,False,1
219,0,2,male,-0.6359887667199967,0,0,-1.765695758381754,S,Second,man,True,Southampton,no,True,0
220,1,3,male,-1.3668762752627892,0,0,-2.0313989241147596,S,Third,man,True,Southampton,yes,True,0
221,0,2,male,-0.7537718023763802,0,0,-1.552121658083695,S,Second,man,True,Southampton,no,True,0
222,0,3,male,-0.060624621816434854,0,0,-2.0313989241147596,S,Third,man,True,Southampton,no,True,0
225,0,3,male,-0.9873866535578852,0,0,-1.8816946722446362,S,Third,man,True,Southampton,no,True,0
226,1,2,male,-1.1592369104845446,0,0,-1.765695758381754,S,Second,man,True,Southampton,yes,True,0
227,0,3,male,-1.0696247517948574,0,0,-2.136069546678648,S,Third,man,True,Southampton,no,True,0
228,0,2,male,-1.2237754316221159,0,0,-1.552121658083695,S,Second,man,True,Southampton,no,True,0
229,0,3,female,-0.6471951147908197,3,1,-0.8796992991411997,S,Third,woman,False,Southampton,no,False,4
231,0,3,male,-0.6737290947028438,0,0,-2.066157557479934,S,Third,man,True,Southampton,no,True,0
233,1,3,female,-3.2386784521643803,4,2,-0.6706612910615284,S,Third,child,False,Southampton,yes,False,6
234,0,2,male,-0.8873031950009028,0,0,-1.765695758381754,S,Second,man,True,Southampton,no,True,0
235,0,3,female,-0.6471951147908197,0,0,-2.0955234522842985,S,Third,woman,False,Southampton,no,True,0
236,0,2,male,-0.21825356602001794,1,0,-0.8589744775237497,S,Second,man,True,Southampton,no,False,1
237,1,2,female,-2.322387720290225,0,2,-0.849405026507599,S,Second,child,False,Southampton,yes,False,2
238,0,2,male,-1.1592369104845446,0,0,-1.765695758381754,S,Second,man,True,Southampton,no,True,0
239,0,2,male,-0.5306282510621704,0,0,-1.6095063418646474,S,Second,man,True,Southampton,no,True,0
240,0,3,female,-0.6471951147908197,1,0,-1.4460859857800346,C,Third,woman,False,Cherbourg,no,False,1
242,0,2,male,-0.6737290947028438,0,0,-1.765695758381754,S,Second,man,True,Southampton,no,True,0
243,0,3,male,-0.9873866535578852,0,0,-2.1534612893905174,S,Third,man,True,Southampton,no,True,0
244,0,3,male,-0.6359887667199967,0,0,-2.139523781546736,C,Third,man,True,Cherbourg,no,True,0
246,0,3,female,-0.84078317936601,0,0,-2.066157557479934,S,Third,woman,False,Southampton,no,True,0
247,1,2,female,-0.8873031950009028,0,2,-1.442922366118703,S,Second,woman,False,Southampton,yes,False,2
248,1,1,male,-0.40546510810816444,1,1,-0.1552259975339978,S,First,man,True,Southampton,yes,False,2
249,0,2,male,0.0,1,0,-0.8589744775237497,S,Second,man,True,Southampton,no,False,1
250,0,3,male,-0.6471951147908197,0,0,-2.136069546678648,S,Third,man,True,Southampton,no,True,0
251,0,3,female,-0.6737290947028438,1,1,-1.769273579729638,S,Third,woman,False,Southampton,no,False,2
253,0,3,male,-0.6359887667199967,1,0,-1.3382517435548142,S,Third,man,True,Southampton,no,False,1
254,0,3,female,-0.29423947299793995,0,2,-1.1107697906420066,S,Third,woman,False,Southampton,no,False,2
255,1,3,female,-0.6737290947028438,0,2,-1.3927669602601305,C,Third,woman,False,Cherbourg,yes,False,2
259,1,2,female,-0.08167803101426724,0,1,-0.8589744775237497,S,Second,woman,False,Southampton,yes,False,1
261,1,3,male,-inf,4,2,-0.6706612910615284,S,Third,child,False,Southampton,yes,False,6
263,0,1,male,-0.3209077200801014,0,0,-inf,S,First,man,True,Southampton,no,True,0
264,0,3,female,-0.6471951147908197,0,0,-2.069378172179976,Q,Third,woman,False,Queenstown,no,True,0
265,0,2,male,-0.43531807125784566,0,0,-1.765695758381754,S,Second,man,True,Southampton,no,True,0
266,0,3,male,-1.3668762752627892,4,1,-0.43603473889232136,S,Third,man,True,Southampton,no,False,5
267,1,3,male,-0.84078317936601,1,0,-2.066157557479934,S,Third,man,True,Southampton,yes,False,1
270,0,1,male,-0.6471951147908197,0,0,-0.6830838110600855,S,First,man,True,Southampton,no,True,0
271,1,3,male,-0.84078317936601,0,0,-inf,S,Third,man,True,Southampton,yes,True,0
272,1,2,female,-0.29423947299793995,0,1,-1.1466565499755306,S,Second,woman,False,Southampton,yes,False,1
273,0,1,male,-0.40546510810816444,0,1,-0.7259239697365779,C,First,man,True,Cherbourg,no,False,1
276,0,3,female,-0.1941560144409575,0,0,-2.069378172179976,S,Third,woman,False,Southampton,no,True,0
277,0,2,male,-0.6471951147908197,0,0,-inf,S,Second,man,True,Southampton,no,True,0
278,0,3,male,-2.545531271604435,4,1,-0.7454741036593671,Q,Third,child,False,Queenstown,no,False,5
279,1,3,female,-0.46608972992459924,1,1,-1.1089162219926836,S,Third,woman,False,Southampton,yes,False,2
281,0,3,male,-0.7129498078561249,0,0,-2.0560225949822875,S,Third,man,True,Southampton,no,True,0
282,0,3,male,-1.3668762752627892,0,0,-1.8657792169387366,S,Third,man,True,Southampton,no,True,0
283,1,3,male,-1.1592369104845446,0,0,-2.0313989241147596,S,Third,man,True,Southampton,yes,True,0
284,0,1,male,-0.6471951147908197,0,0,-0.8589744775237497,S,First,man,True,Southampton,no,True,0
285,0,3,male,-0.5306282510621704,0,0,-1.95806765102921,C,Third,man,True,Cherbourg,no,True,0
286,1,3,male,-0.6359887667199967,0,0,-1.8657792169387366,S,Third,man,True,Southampton,yes,True,0
287,0,3,male,-0.9873866535578852,0,0,-2.0507400430154914,S,Third,man,True,Southampton,no,True,0
288,1,2,male,-0.2682639865946794,0,0,-1.552121658083695,S,Second,man,True,Southampton,yes,True,0
289,1,3,female,-0.9873866535578852,0,0,-2.069378172179976,Q,Third,woman,False,Queenstown,yes,True,0
292,0,2,male,-0.43531807125784566,0,0,-1.5617835689954318,C,Second,man,True,Cherbourg,no,True,0
293,0,3,female,-0.8873031950009028,0,0,-1.9366535565253935,S,Third,woman,False,Southampton,no,True,0
294,0,3,male,-0.8873031950009028,0,0,-2.0507400430154914,S,Third,man,True,Southampton,no,True,0
296,0,3,male,-0.9114007465799634,0,0,-2.1389426355658854,C,Third,man,True,Cherbourg,no,True,0
298,1,1,male,-0.6471951147908197,0,0,-0.6993443319318657,S,First,man,True,Southampton,yes,True,0
301,1,3,male,-0.6471951147908197,2,0,-0.9707658835118664,Q,Third,man,True,Queenstown,yes,False,2
302,0,3,male,-1.1592369104845446,0,0,-inf,S,Third,man,True,Southampton,no,True,0
303,1,2,female,-0.6471951147908197,0,0,-1.6034149524712455,Q,Second,woman,False,Queenstown,yes,True,0
308,0,2,male,-0.6359887667199967,1,0,-0.9390171851972862,C,Second,man,True,Cherbourg,no,False,1
309,1,1,female,-0.6359887667199967,0,0,-0.0752626250259614,C,First,woman,False,Cherbourg,yes,True,0
312,0,2,female,-0.7963314167951762,1,1,-0.8589744775237497,S,Second,woman,False,Southampton,no,False,2
314,0,2,male,-0.24294617861038947,1,1,-0.849405026507599,S,Second,man,True,Southampton,no,False,2
315,1,3,female,-0.7963314167951762,0,0,-2.0560225949822875,S,Third,woman,False,Southampton,yes,True,0
316,1,2,female,-0.8873031950009028,1,0,-0.8589744775237497,S,Second,woman,False,Southampton,yes,False,1
317,0,2,male,0.0,0,0,-1.4780136859299733,S,Second,man,True,Southampton,no,True,0
321,0,3,male,-0.7537718023763802,0,0,-2.0507400430154914,S,Third,man,True,Southampton,no,True,0
322,1,2,female,-0.6359887667199967,0,0,-1.6034149524712455,Q,Second,woman,False,Queenstown,yes,True,0
323,1,2,female,-0.9873866535578852,1,1,-0.7497751855587577,S,Second,woman,False,Southampton,yes,False,2
327,1,2,female,-0.43531807125784566,0,0,-1.552121658083695,S,Second,woman,False,Southampton,yes,True,0
328,1,3,female,-0.5996211225491219,1,1,-1.09542736020674,S,Third,woman,False,Southampton,yes,False,2
329,1,1,female,-1.3668762752627892,0,1,-0.056986690008245154,C,First,woman,False,Cherbourg,yes,False,1
330,1,3,female,-0.6471951147908197,2,0,-0.9707658835118664,Q,Third,woman,False,Queenstown,yes,False,2
331,0,1,male,-0.1823215567939547,0,0,-0.7671669282706269,S,First,man,True,Southampton,no,True,0
333,0,3,male,-1.3668762752627892,2,0,-1.226699257649067,S,Third,man,True,Southampton,no,False,2
338,1,3,male,-0.1941560144409575,0,0,-2.0313989241147596,S,Third,man,True,Southampton,yes,True,0
339,0,1,male,-0.1941560144409575,0,0,-0.5475383190638616,S,First,man,True,Southampton,no,True,0
342,0,2,male,-0.7129498078561249,0,0,-1.552121658083695,S,Second,man,True,Southampton,no,True,0
344,0,2,male,-0.43531807125784566,0,0,-1.552121658083695,S,Second,man,True,Southampton,no,True,0
345,1,2,female,-0.8873031950009028,0,0,-1.552121658083695,S,Second,woman,False,Southampton,yes,True,0
346,1,2,female,-0.3209077200801014,0,0,-1.552121658083695,S,Second,woman,False,Southampton,yes,True,0
347,1,3,female,-0.6471951147908197,1,0,-1.3382517435548142,S,Third,woman,False,Southampton,yes,False,1
348,1,3,male,-inf,1,1,-1.3507519063190458,S,Third,child,False,Southampton,yes,False,2
349,0,3,male,-0.2682639865946794,0,0,-1.95806765102921,S,Third,man,True,Southampton,no,True,0
350,0,3,male,-0.9360933591703348,0,0,-1.8951538256186409,S,Third,man,True,Southampton,no,True,0
351,0,1,male,-0.6471951147908197,0,0,-0.5617229540558181,S,First,man,True,Southampton,no,True,0
352,0,3,male,-1.4469189829363254,1,1,-2.1389426355658854,C,Third,child,False,Cherbourg,no,False,2
353,0,3,male,-0.84078317936601,1,0,-1.2378725582471921,S,Third,man,True,Southampton,no,False,1
356,1,1,female,-0.9873866535578852,0,1,-0.1097378303127608,S,First,woman,False,Southampton,yes,False,1
357,0,2,female,-0.3764775712349121,0,0,-1.552121658083695,S,Second,woman,False,Southampton,no,True,0
360,0,3,male,-0.3209077200801014,1,4,-0.7884443267179118,S,Third,man,True,Southampton,no,False,5
361,0,2,male,-0.6737290947028438,1,0,-0.7948879816111118,C,Second,man,True,Cherbourg,no,False,1
362,0,3,female,-0.1941560144409575,0,1,-1.4460859857800346,C,Third,woman,False,Cherbourg,no,False,1
363,0,3,male,-0.46608972992459924,0,0,-2.1640433987210543,S,Third,man,True,Southampton,no,True,0
365,0,3,male,-0.6359887667199967,0,0,-2.136069546678648,S,Third,man,True,Southampton,no,True,0
367,1,3,female,-0.6471951147908197,0,0,-2.1389426355658854,C,Third,woman,False,Cherbourg,yes,True,0
370,1,1,male,-0.84078317936601,1,0,-0.10173899735304433,C,First,man,True,Cherbourg,yes,False,1
371,0,3,male,-1.2237754316221159,1,0,-2.2459152013371604,S,Third,man,True,Southampton,no,False,1
372,0,3,male,-1.1592369104845446,0,0,-2.0313989241147596,S,Third,man,True,Southampton,no,True,0
374,0,3,female,-inf,3,1,-1.0689835116573125,S,Third,child,False,Southampton,no,False,4
376,1,3,female,-0.9873866535578852,0,0,-2.136069546678648,S,Third,woman,False,Southampton,yes,True,0
378,0,3,male,-1.0986122886681098,0,0,-2.7276565270890973,C,Third,man,True,Cherbourg,no,True,0
379,0,3,male,-1.1592369104845446,0,0,-2.066157557479934,S,Third,man,True,Southampton,no,True,0
382,0,3,male,-0.5645298027378518,0,0,-2.0470486957818874,S,Third,man,True,Southampton,no,True,0
383,1,1,female,-0.46608972992459924,1,0,-0.16582729696380435,S,First,woman,False,Southampton,yes,False,1
388,0,3,male,-0.6471951147908197,0,0,-2.0720656511865236,Q,Third,man,True,Queenstown,no,True,0
389,1,2,female,-1.2927683031090673,0,0,-1.6321643657572313,C,Second,woman,False,Cherbourg,yes,True,0
391,1,3,male,-1.0414538748281612,0,0,-2.063485888410623,S,Third,man,True,Southampton,yes,True,0
392,0,3,male,-0.7129498078561249,2,0,-2.0470486957818874,S,Third,man,True,Southampton,no,False,2
394,1,3,female,-0.8873031950009028,0,2,-1.3016622961225222,S,Third,woman,False,Southampton,yes,False,2
395,0,3,male,-0.9873866535578852,0,0,-2.063485888410623,S,Third,man,True,Southampton,no,True,0
396,0,3,female,-0.5996211225491219,0,0,-2.0560225949822875,S,Third,woman,False,Southampton,no,True,0
397,0,2,male,-0.17062551703076334,0,0,-0.8589744775237497,S,Second,man,True,Southampton,no,True,0
398,0,2,male,-0.9360933591703348,0,0,-1.765695758381754,S,Second,man,True,Southampton,no,True,0
399,1,2,female,-0.7129498078561249,0,0,-1.5794138003717024,S,Second,woman,False,Southampton,yes,True,0
400,1,3,male,-0.34830669426821587,0,0,-2.0470486957818874,S,Third,man,True,Southampton,yes,True,0
401,0,3,male,-0.7963314167951762,0,0,-2.0313989241147596,S,Third,man,True,Southampton,no,True,0
402,0,3,female,-1.0414538748281612,1,0,-1.8321408577899068,S,Third,woman,False,Southampton,no,False,1
403,0,3,male,-0.7129498078561249,1,0,-1.353901515221942,S,Third,man,True,Southampton,no,False,1
404,0,3,female,-1.0986122886681098,0,0,-1.95806765102921,S,Third,woman,False,Southampton,no,True,0
405,0,2,male,-0.4978384282391796,1,0,-1.0725485778218087,S,Second,man,True,Southampton,no,False,1
406,0,3,male,-0.060624621816434854,0,0,-2.069378172179976,S,Third,man,True,Southampton,no,True,0
407,1,2,male,-inf,1,1,-1.185877263128812,S,Second,child,False,Southampton,yes,False,2
408,0,3,male,-1.0414538748281612,0,0,-2.066157557479934,S,Third,man,True,Southampton,no,True,0
411,0,3,male,-0.6471951147908197,0,0,-2.191611417929334,Q,Third,man,True,Queenstown,no,True,0
414,1,3,male,-0.21825356602001794,0,0,-2.0470486957818874,S,Third,man,True,Southampton,yes,True,0
415,0,3,female,-0.6471951147908197,0,0,-2.0313989241147596,S,Third,woman,False,Southampton,no,True,0
416,1,2,female,-0.4978384282391796,1,1,-0.6358309262095398,S,Second,woman,False,Southampton,yes,False,2
417,1,2,female,-1.2237754316221159,0,2,-1.552121658083695,S,Second,woman,False,Southampton,yes,False,2
419,0,3,female,-1.9859154836690123,0,2,-0.9327866354466501,S,Third,child,False,Southampton,no,False,2
421,0,3,male,-1.0414538748281612,0,0,-2.0715353358951942,Q,Third,man,True,Queenstown,no,True,0
422,0,3,male,-0.6737290947028438,0,0,-2.053377830833535,S,Third,man,True,Southampton,no,True,0
423,0,3,female,-0.7129498078561249,1,1,-1.4498428089632769,S,Third,woman,False,Southampton,no,False,2
424,0,3,male,-1.2237754316221159,1,1,-1.1107697906420066,S,Third,man,True,Southampton,no,False,2
426,1,2,female,-0.7129498078561249,1,0,-0.8589744775237497,S,Second,woman,False,Southampton,yes,False,1
427,1,2,female,-1.1592369104845446,0,0,-0.8589744775237497,S,Second,woman,False,Southampton,yes,True,0
429,1,3,male,-0.5645298027378518,0,0,-2.0313989241147596,S,Third,man,True,Southampton,yes,True,0
430,1,1,male,-0.7129498078561249,0,0,-0.838041267857284,S,First,man,True,Southampton,yes,True,0
432,1,2,female,-0.2682639865946794,1,0,-0.8589744775237497,S,Second,woman,False,Southampton,yes,False,1
433,0,3,male,-1.2927683031090673,0,0,-2.1534612893905174,S,Third,man,True,Southampton,no,True,0
434,0,1,male,-0.08167803101426724,1,0,-0.09350663538417824,S,First,man,True,Southampton,no,False,1
436,0,3,female,-1.0414538748281612,2,2,-0.5797414595584964,S,Third,woman,False,Southampton,no,False,4
437,1,2,female,-0.8873031950009028,2,3,-1.185877263128812,S,Second,woman,False,Southampton,yes,False,5
439,0,2,male,-0.5996211225491219,0,0,-1.765695758381754,S,Second,man,True,Southampton,no,True,0
440,1,2,female,-0.1941560144409575,1,1,-0.849405026507599,S,Second,woman,False,Southampton,yes,False,2
441,0,3,male,-1.0986122886681098,0,0,-1.8657792169387366,S,Third,man,True,Southampton,no,True,0
442,0,3,male,-0.84078317936601,1,0,-2.066157557479934,S,Third,man,True,Southampton,no,False,1
443,1,2,female,-0.7129498078561249,0,0,-1.552121658083695,S,Second,woman,False,Southampton,yes,True,0
444,1,3,male,-0.6471951147908197,0,0,-2.023664933515023,S,Third,man,True,Southampton,yes,True,0
446,1,2,female,-1.6292405397302803,0,1,-1.1466565499755306,S,Second,child,False,Southampton,yes,False,1
447,1,1,male,-0.4978384282391796,0,0,-0.838041267857284,S,First,man,True,Southampton,yes,True,0
448,1,3,female,-3.2386784521643803,2,1,-1.15912887890684,C,Third,child,False,Cherbourg,yes,False,3
449,1,1,male,-0.04000533461369925,0,0,-0.6993443319318657,S,First,man,True,Southampton,yes,True,0
450,0,2,male,-0.43531807125784566,1,2,-0.7938351753527881,S,Second,man,True,Southampton,no,False,3
451,0,3,male,-0.6471951147908197,1,0,-1.1230051296442496,S,Third,man,True,Southampton,no,False,1
452,0,1,male,-0.6359887667199967,0,0,-0.7938351753527881,C,First,man,True,Cherbourg,no,True,0
455,1,3,male,-0.6737290947028438,0,0,-2.0507400430154914,C,Third,man,True,Cherbourg,yes,True,0
457,1,1,female,-0.6471951147908197,1,0,-0.16847502988624555,S,First,woman,False,Southampton,yes,False,1
458,1,2,female,-0.08167803101426724,0,0,-1.765695758381754,S,Second,woman,False,Southampton,yes,True,0
460,1,1,male,-0.12516314295400605,0,0,-0.838041267857284,S,First,man,True,Southampton,yes,True,0
461,0,3,male,-0.4978384282391796,0,0,-2.0313989241147596,S,Third,man,True,Southampton,no,True,0
462,0,1,male,-0.14763599880606468,0,0,-0.4664127742514932,S,First,man,True,Southampton,no,True,0
463,0,2,male,-0.12516314295400605,0,0,-1.552121658083695,S,Second,man,True,Southampton,no,True,0
465,0,3,male,-0.3764775712349121,0,0,-2.1640433987210543,S,Third,man,True,Southampton,no,True,0
468,0,3,male,-0.6471951147908197,0,0,-2.0726091927614227,Q,Third,man,True,Queenstown,no,True,0
471,0,3,male,-0.3764775712349121,0,0,-1.95806765102921,S,Third,man,True,Southampton,no,True,0
472,1,2,female,-0.5306282510621704,1,2,-0.7938351753527881,S,Second,woman,False,Southampton,yes,False,3
473,1,2,female,-0.9360933591703348,0,0,-1.4930040536006062,C,Second,woman,False,Cherbourg,yes,True,0
474,0,3,female,-0.9873866535578852,0,0,-1.83086940180171,S,Third,woman,False,Southampton,no,True,0
475,0,1,male,-0.6471951147908197,0,0,-0.16582729696380435,S,First,man,True,Southampton,no,True,0
477,0,3,male,-0.6737290947028438,1,0,-2.1646393209282784,S,Third,man,True,Southampton,no,False,1
478,0,3,male,-0.9873866535578852,0,0,-2.0993985002630278,S,Third,man,True,Southampton,no,True,0
480,0,3,male,-2.1400661634962708,5,2,-0.26905334009299814,S,Third,child,False,Southampton,no,False,7
482,0,3,male,-0.08167803101426724,0,0,-2.0313989241147596,S,Third,man,True,Southampton,no,True,0
489,1,3,male,-2.1400661634962708,1,1,-1.3507519063190458,S,Third,child,False,Southampton,yes,False,2
491,0,3,male,-1.0414538748281612,0,0,-2.136069546678648,S,Third,man,True,Southampton,no,True,0
495,0,3,male,-0.6471951147908197,0,0,-1.44580237142448,C,Third,man,True,Cherbourg,no,True,0
497,0,3,male,-0.6471951147908197,0,0,-1.402376271724353,S,Third,man,True,Southampton,no,True,0
499,0,3,male,-0.8873031950009028,0,0,-2.063485888410623,S,Third,man,True,Southampton,no,True,0
501,0,3,female,-1.0414538748281612,0,0,-2.069378172179976,Q,Third,woman,False,Queenstown,no,True,0
502,0,3,female,-0.6471951147908197,0,0,-2.0850880250250974,Q,Third,woman,False,Queenstown,no,True,0
503,0,3,female,-0.40546510810816444,0,0,-1.8566108488518571,S,Third,woman,False,Southampton,no,True,0
506,1,2,female,-0.5306282510621704,0,2,-0.8589744775237497,S,Second,woman,False,Southampton,yes,False,2
507,1,1,male,-0.6471951147908197,0,0,-0.838041267857284,S,First,man,True,Southampton,yes,True,0
508,0,3,male,-0.7129498078561249,0,0,-1.0024452120508303,S,Third,man,True,Southampton,no,True,0
509,1,3,male,-0.7963314167951762,0,0,-0.08290471643910076,S,Third,man,True,Southampton,yes,True,0
510,1,3,male,-0.6737290947028438,0,0,-2.069378172179976,Q,Third,man,True,Queenstown,yes,True,0
512,1,1,male,-0.43531807125784566,0,0,-0.8479774745164135,S,First,man,True,Southampton,yes,True,0
513,1,1,female,0.0,1,0,-0.03277678917663257,C,First,woman,False,Cherbourg,yes,False,1
514,0,3,male,-0.8873031950009028,0,0,-2.1027281518615304,S,Third,man,True,Southampton,no,True,0
515,0,1,male,-0.14763599880606468,0,0,-0.5900989132749317,S,First,man,True,Southampton,no,True,0
516,1,2,female,-0.4978384282391796,0,0,-1.765695758381754,S,Second,woman,False,Southampton,yes,True,0
517,0,3,male,-0.6471951147908197,0,0,-0.9327866354466501,Q,Third,man,True,Queenstown,no,True,0
518,1,2,female,-0.43531807125784566,1,0,-0.8589744775237497,S,Second,woman,False,Southampton,yes,False,1
519,0,3,male,-0.5645298027378518,0,0,-2.0507400430154914,S,Third,man,True,Southampton,no,True,0
523,1,1,female,-0.21825356602001794,0,1,-0.056986690008245154,C,First,woman,False,Cherbourg,yes,False,1
524,0,3,male,-0.6471951147908197,0,0,-2.1389426355658854,C,Third,man,True,Cherbourg,no,True,0
525,0,3,male,-0.3074846997479607,0,0,-2.069378172179976,Q,Third,man,True,Queenstown,no,True,0
528,0,3,male,-0.34830669426821587,0,0,-2.0470486957818874,S,Third,man,True,Southampton,no,True,0
529,0,2,male,-0.9360933591703348,2,1,-1.6747239801760272,S,Second,man,True,Southampton,no,False,3
532,0,3,male,-1.2927683031090673,1,1,-2.1389426355658854,C,Third,man,True,Cherbourg,no,False,2
533,1,3,female,-0.6471951147908197,0,2,-1.0098733987711959,C,Third,woman,False,Cherbourg,yes,False,2
534,0,3,female,-0.6359887667199967,0,0,-1.95806765102921,S,Third,woman,False,Southampton,no,True,0
535,1,2,female,-2.545531271604435,0,2,-0.849405026507599,S,Second,child,False,Southampton,yes,False,2
536,0,1,male,-0.1941560144409575,0,0,-0.838041267857284,S,First,man,True,Southampton,no,True,0
538,0,3,male,-0.6471951147908197,0,0,-1.442922366118703,S,Third,man,True,Southampton,no,True,0
539,1,1,female,-0.9873866535578852,0,2,-0.21509834597058705,C,First,woman,False,Cherbourg,yes,False,2
541,0,3,female,-2.1400661634962708,4,2,-0.674251959192257,S,Third,child,False,Southampton,no,False,6
542,0,3,female,-1.8523840910444898,4,2,-0.674251959192257,S,Third,child,False,Southampton,no,False,6
543,1,2,male,-0.5645298027378518,1,0,-0.8589744775237497,S,Second,man,True,Southampton,yes,False,1
546,1,2,female,-1.1592369104845446,1,0,-0.8589744775237497,S,Second,woman,False,Southampton,yes,False,1
547,1,2,male,-0.6471951147908197,0,0,-1.4878836628687462,C,Second,man,True,Cherbourg,yes,True,0
548,0,3,male,-0.5306282510621704,1,1,-1.09542736020674,S,Third,man,True,Southampton,no,False,2
549,1,2,male,-2.322387720290225,1,1,-0.512932789886386,S,Second,child,False,Southampton,yes,False,2
551,0,2,male,-0.7537718023763802,0,0,-0.8589744775237497,S,Second,man,True,Southampton,no,True,0
552,0,3,male,-0.6471951147908197,0,0,-2.059210681899,Q,Third,man,True,Queenstown,no,True,0
553,1,3,male,-0.9873866535578852,0,0,-2.139523781546736,C,Third,man,True,Cherbourg,yes,True,0
554,1,3,female,-0.9873866535578852,0,0,-2.066157557479934,S,Third,woman,False,Southampton,yes,True,0
556,1,1,female,-0.12516314295400605,1,0,-0.4382418972847968,C,First,woman,False,Cherbourg,yes,False,1
559,1,3,female,-0.43531807125784566,1,0,-1.2606008093247485,S,Third,woman,False,Southampton,yes,False,1
561,0,3,male,-0.3209077200801014,0,0,-2.0507400430154914,S,Third,man,True,Southampton,no,True,0
562,0,2,male,-0.7129498078561249,0,0,-1.514381330100848,S,Second,man,True,Southampton,no,True,0
565,0,3,male,-0.8873031950009028,2,0,-0.9327866354466501,S,Third,man,True,Southampton,no,False,2
566,0,3,male,-1.1592369104845446,0,0,-2.0507400430154914,S,Third,man,True,Southampton,no,True,0
567,0,3,female,-0.6737290947028438,0,4,-1.0689835116573125,S,Third,woman,False,Southampton,no,False,4
569,1,3,male,-0.5645298027378518,0,0,-2.0560225949822875,S,Third,man,True,Southampton,yes,True,0
571,1,1,female,-0.019802627296179643,2,0,-0.17589317295359314,S,First,woman,False,Southampton,yes,False,2
572,1,1,male,-0.43531807125784566,0,0,-0.8441806023707928,S,First,man,True,Southampton,yes,True,0
574,0,3,male,-1.3668762752627892,0,0,-2.0313989241147596,S,Third,man,True,Southampton,no,True,0
575,0,3,male,-1.1592369104845446,0,0,-1.442922366118703,S,Third,man,True,Southampton,no,True,0
576,1,2,female,-0.4978384282391796,0,0,-1.552121658083695,S,Second,woman,False,Southampton,yes,True,0
577,1,1,female,-0.34830669426821587,1,0,-0.09350663538417824,S,First,woman,False,Southampton,yes,False,1
578,0,3,female,-0.6471951147908197,1,0,-1.44580237142448,C,Third,woman,False,Cherbourg,no,False,1
579,1,3,male,-0.5645298027378518,0,0,-2.0470486957818874,S,Third,man,True,Southampton,yes,True,0
580,1,2,female,-0.84078317936601,1,1,-0.7158736338830763,S,Second,woman,False,Southampton,yes,False,2
582,0,2,male,0.0,0,0,-0.8589744775237497,S,Second,man,True,Southampton,no,True,0
583,0,1,male,-0.43531807125784566,0,0,-0.4250714340950519,C,First,man,True,Cherbourg,no,True,0
584,0,3,male,-0.6471951147908197,0,0,-1.9523122394585894,C,Third,man,True,Cherbourg,no,True,0
586,0,2,male,-0.14763599880606468,0,0,-1.4090208144430216,S,Second,man,True,Southampton,no,True,0
590,0,3,male,-0.46608972992459924,0,0,-2.1534612893905174,S,Third,man,True,Southampton,no,True,0
592,0,3,male,-0.14763599880606468,0,0,-2.136069546678648,S,Third,man,True,Southampton,no,True,0
593,0,3,female,-0.6471951147908197,0,2,-2.069378172179976,Q,Third,woman,False,Queenstown,no,False,2
594,0,2,male,-0.40546510810816444,1,0,-0.8589744775237497,S,Second,man,True,Southampton,no,False,1
595,0,3,male,-0.43531807125784566,1,1,-0.9327866354466501,S,Third,man,True,Southampton,no,False,2
596,1,2,female,-0.6471951147908197,0,0,-0.6205634540787515,S,Second,woman,False,Southampton,yes,True,0
597,0,3,male,-0.10318423623523075,0,0,-inf,S,Third,man,True,Southampton,no,True,0
599,1,1,male,-0.10318423623523075,1,0,-0.0752626250259614,C,First,man,True,Cherbourg,yes,False,1
600,1,2,female,-0.8873031950009028,2,1,-0.8212341495409027,S,Second,woman,False,Southampton,yes,False,3
602,0,1,male,-0.6471951147908197,0,0,-0.36992265330731966,S,First,man,True,Southampton,no,True,0
603,0,3,male,-0.21825356602001794,0,0,-2.0313989241147596,S,Third,man,True,Southampton,no,True,0
604,1,1,male,-0.46608972992459924,0,0,-0.838041267857284,C,First,man,True,Cherbourg,yes,True,0
605,0,3,male,-0.43531807125784566,1,0,-1.3730103769199886,S,Third,man,True,Southampton,no,False,1
606,0,3,male,-0.6359887667199967,0,0,-2.0507400430154914,S,Third,man,True,Southampton,no,True,0
607,1,1,male,-0.7537718023763802,0,0,-0.6993443319318657,S,First,man,True,Southampton,yes,True,0
608,1,2,female,-0.9873866535578852,1,2,-0.38947097331969643,C,Second,woman,False,Cherbourg,yes,False,3
610,0,3,female,-0.34830669426821587,1,5,-0.674251959192257,S,Third,woman,False,Southampton,no,False,6
611,0,3,male,-0.6471951147908197,0,0,-2.1640433987210543,S,Third,man,True,Southampton,no,True,0
616,0,3,male,-0.4978384282391796,1,1,-1.4498428089632769,S,Third,man,True,Southampton,no,False,2
617,0,3,female,-0.7963314167951762,1,0,-1.3382517435548142,S,Third,woman,False,Southampton,no,False,1
618,1,2,female,-3.9318256327243257,2,1,-0.4535093694155853,S,Second,child,False,Southampton,yes,False,3
619,0,2,male,-0.7963314167951762,0,0,-1.765695758381754,S,Second,man,True,Southampton,no,True,0
620,0,3,male,-0.7537718023763802,1,0,-1.4460859857800346,C,Third,man,True,Cherbourg,no,False,1
621,1,1,male,-0.2682639865946794,1,0,-0.1552259975339978,S,First,man,True,Southampton,yes,False,1
622,1,3,male,-1.0986122886681098,1,1,-1.3607577733055116,C,Third,man,True,Cherbourg,yes,False,2
623,0,3,male,-1.0414538748281612,0,0,-2.0560225949822875,S,Third,man,True,Southampton,no,True,0
624,0,3,male,-1.0414538748281612,0,0,-1.3382517435548142,S,Third,man,True,Southampton,no,True,0
628,0,3,male,-0.7963314167951762,0,0,-2.0507400430154914,S,Third,man,True,Southampton,no,True,0
629,0,3,male,-0.6471951147908197,0,0,-2.0715353358951942,Q,Third,man,True,Queenstown,no,True,0
631,0,3,male,-0.060624621816434854,0,0,-2.1634478314256183,S,Third,man,True,Southampton,no,True,0
632,1,1,male,-0.5645298027378518,0,0,-0.6993443319318657,C,First,man,True,Cherbourg,yes,True,0
633,0,1,male,-0.6471951147908197,0,0,-inf,S,First,man,True,Southampton,no,True,0
634,0,3,female,-2.1400661634962708,3,2,-0.7884443267179118,S,Third,child,False,Southampton,no,False,5
637,0,2,male,-0.5996211225491219,1,1,-0.849405026507599,S,Second,man,True,Southampton,no,False,2
638,0,3,female,-0.29423947299793995,0,5,-0.43603473889232136,S,Third,woman,False,Southampton,no,False,5
639,0,3,male,-0.6471951147908197,1,0,-1.3382517435548142,S,Third,man,True,Southampton,no,False,1
643,1,3,male,-0.6471951147908197,0,0,-0.08290471643910076,S,Third,man,True,Southampton,yes,True,0
648,0,3,male,-0.6471951147908197,0,0,-2.0955234522842985,S,Third,man,True,Southampton,no,True,0
649,1,3,female,-0.9360933591703348,0,0,-2.0955234522842985,S,Third,woman,False,Southampton,yes,True,0
651,1,2,female,-1.2237754316221159,0,1,-0.981576799616082,S,Second,woman,False,Southampton,yes,False,1
652,0,3,male,-1.0414538748281612,0,0,-1.9848828610568483,S,Third,man,True,Southampton,no,True,0
653,1,3,female,-0.6471951147908197,0,0,-2.059210681899,Q,Third,woman,False,Queenstown,yes,True,0
654,0,3,female,-1.2237754316221159,0,0,-2.207528510660793,Q,Third,woman,False,Queenstown,no,True,0
657,0,3,female,-0.5645298027378518,1,1,-1.3762309916200308,Q,Third,woman,False,Queenstown,no,False,2
658,0,2,male,-0.9360933591703348,0,0,-1.552121658083695,S,Second,man,True,Southampton,no,True,0
661,0,3,male,-0.3209077200801014,0,0,-2.139523781546736,C,Third,man,True,Cherbourg,no,True,0
662,0,1,male,-0.14763599880606468,0,0,-0.8749670645578239,S,First,man,True,Southampton,no,True,0
663,0,3,male,-0.43531807125784566,0,0,-2.1027281518615304,S,Third,man,True,Southampton,no,True,0
664,1,3,male,-1.0986122886681098,1,0,-2.0470486957818874,S,Third,man,True,Southampton,yes,False,1
667,0,3,male,-0.6471951147908197,0,0,-2.066157557479934,S,Third,man,True,Southampton,no,True,0
668,0,3,male,-0.24294617861038947,0,0,-2.0313989241147596,S,Third,man,True,Southampton,no,True,0
669,1,1,female,-0.6471951147908197,1,0,-0.16582729696380435,S,First,woman,False,Southampton,yes,False,1
670,1,2,female,-0.3209077200801014,1,1,-0.4535093694155853,S,Second,woman,False,Southampton,yes,False,2
671,0,1,male,-0.5996211225491219,1,0,-0.16582729696380435,S,First,man,True,Southampton,no,False,1
673,1,2,male,-0.5996211225491219,0,0,-1.552121658083695,S,Second,man,True,Southampton,yes,True,0
675,0,3,male,-1.2237754316221159,0,0,-2.066157557479934,S,Third,man,True,Southampton,no,True,0
676,0,3,male,-0.8637726975907086,0,0,-2.0313989241147596,S,Third,man,True,Southampton,no,True,0
677,1,3,female,-1.2237754316221159,0,0,-1.830442555175448,S,Third,woman,False,Southampton,yes,True,0
678,0,3,female,-0.24294617861038947,1,6,-0.26905334009299814,S,Third,woman,False,Southampton,no,False,7
680,0,3,female,-0.6471951147908197,0,0,-2.0205880080105443,Q,Third,woman,False,Queenstown,no,True,0
682,0,3,male,-1.0986122886681098,0,0,-1.8951538256186409,S,Third,man,True,Southampton,no,True,0
683,0,3,male,-1.5339303599259553,5,2,-0.26905334009299814,S,Third,child,False,Southampton,no,False,7
685,0,2,male,-0.84078317936601,1,2,-0.38947097331969643,C,Second,man,True,Cherbourg,no,False,3
686,0,3,male,-1.5339303599259553,4,1,-0.43603473889232136,S,Third,child,False,Southampton,no,False,5
687,0,3,male,-1.1592369104845446,0,0,-1.7975501458449836,S,Third,man,True,Southampton,no,True,0
688,0,3,male,-1.2237754316221159,0,0,-2.063485888410623,S,Third,man,True,Southampton,no,True,0
690,1,1,male,-0.5996211225491219,1,0,-0.07401974771068161,S,First,man,True,Southampton,yes,False,1
691,1,3,female,-3.9318256327243257,0,1,-1.5205708158798057,C,Third,child,False,Cherbourg,yes,False,1
693,0,3,male,-0.84078317936601,0,0,-2.139523781546736,C,Third,man,True,Cherbourg,no,True,0
695,0,2,male,-0.04000533461369925,0,0,-1.514381330100848,S,Second,man,True,Southampton,no,True,0
697,1,3,female,-0.6471951147908197,0,0,-2.0715353358951942,Q,Third,woman,False,Queenstown,yes,True,0
699,0,3,male,-0.2682639865946794,0,0,-2.082365367706787,S,Third,man,True,Southampton,no,True,0
701,1,1,male,-0.46608972992459924,0,0,-0.8479774745164135,S,First,man,True,Southampton,yes,True,0
702,0,3,female,-1.2237754316221159,0,1,-1.4460859857800346,C,Third,woman,False,Cherbourg,no,False,1
703,0,3,male,-0.84078317936601,0,0,-2.0704497138176494,Q,Third,man,True,Queenstown,no,True,0
704,0,3,male,-0.7963314167951762,1,0,-2.0560225949822875,S,Third,man,True,Southampton,no,False,1
705,0,2,male,-0.34830669426821587,0,0,-0.8589744775237497,S,Second,man,True,Southampton,no,True,0
706,1,2,female,-0.1941560144409575,0,0,-1.514381330100848,S,Second,woman,False,Southampton,yes,True,0
707,1,1,male,-0.2682639865946794,0,0,-0.8479774745164135,S,First,man,True,Southampton,yes,True,0
710,1,1,female,-0.8873031950009028,0,0,-0.21501350108516784,C,First,woman,False,Cherbourg,yes,True,0
711,0,1,male,-0.6471951147908197,0,0,-0.838041267857284,S,First,man,True,Southampton,no,True,0
712,1,1,male,-0.12516314295400605,1,0,-0.16582729696380435,S,First,man,True,Southampton,yes,False,1
713,0,3,male,-0.6737290947028438,0,0,-1.8675386585856675,S,Third,man,True,Southampton,no,True,0
714,0,2,male,-0.04000533461369925,0,0,-1.552121658083695,S,Second,man,True,Southampton,no,True,0
715,0,3,male,-1.1592369104845446,0,0,-2.082365367706787,S,Third,man,True,Southampton,no,True,0
717,1,2,female,-0.7537718023763802,0,0,-1.765695758381754,S,Second,woman,False,Southampton,yes,True,0
718,0,3,male,-0.6471951147908197,0,0,-1.3762309916200308,Q,Third,man,True,Queenstown,no,True,0
719,0,3,male,-0.5306282510621704,0,0,-2.066157557479934,S,Third,man,True,Southampton,no,True,0
720,1,2,female,-2.833213344056216,0,1,-0.6205634540787515,S,Second,child,False,Southampton,yes,False,1
721,0,3,male,-1.2927683031090673,1,0,-2.1634478314256183,S,Third,man,True,Southampton,no,False,1
722,0,2,male,-0.4978384282391796,0,0,-1.552121658083695,S,Second,man,True,Southampton,no,True,0
723,0,2,male,-0.08167803101426724,0,0,-1.552121658083695,S,Second,man,True,Southampton,no,True,0
724,1,1,male,-0.7537718023763802,1,0,-0.1448940872973386,S,First,man,True,Southampton,yes,False,1
725,0,3,male,-1.0986122886681098,0,0,-1.95806765102921,S,Third,man,True,Southampton,no,True,0
726,1,2,female,-0.6359887667199967,3,0,-1.0725485778218087,S,Second,woman,False,Southampton,yes,False,3
727,1,3,female,-0.6471951147908197,0,0,-2.0709923775345174,Q,Third,woman,False,Queenstown,yes,True,0
728,0,2,male,-0.84078317936601,1,0,-0.8589744775237497,S,Second,man,True,Southampton,no,False,1
729,0,3,female,-0.84078317936601,1,0,-2.0470486957818874,S,Third,woman,False,Southampton,no,False,1
731,0,3,male,-1.8523840910444898,0,0,-1.1838792604661388,C,Third,child,False,Cherbourg,no,True,0
735,0,3,male,-0.6931471805599453,0,0,-1.3382517435548142,S,Third,man,True,Southampton,no,True,0
736,0,3,female,-0.12516314295400605,1,3,-0.5797414595584964,S,Third,woman,False,Southampton,no,False,4
740,1,1,male,-0.6471951147908197,0,0,-0.7158736338830763,S,First,man,True,Southampton,yes,True,0
743,0,3,male,-0.8873031950009028,1,0,-1.3382517435548142,S,Third,man,True,Southampton,no,False,1
744,1,3,male,-0.5996211225491219,0,0,-2.0470486957818874,S,Third,man,True,Southampton,yes,True,0
746,0,3,male,-1.3668762752627892,1,1,-1.1089162219926836,S,Third,man,True,Southampton,no,False,2
747,1,2,female,-0.6359887667199967,0,0,-1.552121658083695,S,Second,woman,False,Southampton,yes,True,0
748,0,1,male,-1.1592369104845446,1,0,-0.1448940872973386,S,First,man,True,Southampton,no,False,1
749,0,3,male,-0.5996211225491219,0,0,-2.069378172179976,Q,Third,man,True,Queenstown,no,True,0
750,1,2,female,-3.9318256327243257,1,1,-0.981576799616082,S,Second,child,False,Southampton,yes,False,2
751,1,3,male,-2.833213344056216,0,1,-1.5933443739076494,S,Third,child,False,Southampton,yes,False,1
752,0,3,male,-0.5306282510621704,0,0,-1.8657792169387366,S,Third,man,True,Southampton,no,True,0
753,0,3,male,-0.9360933591703348,0,0,-2.0507400430154914,S,Third,man,True,Southampton,no,True,0
756,0,3,male,-0.7129498078561249,0,0,-2.063485888410623,S,Third,man,True,Southampton,no,True,0
761,0,3,male,-0.29423947299793995,0,0,-2.1534612893905174,S,Third,man,True,Southampton,no,True,0
762,1,3,male,-1.0986122886681098,0,0,-2.1389426355658854,C,Third,man,True,Cherbourg,yes,True,0
764,0,3,male,-1.3668762752627892,0,0,-2.066157557479934,S,Third,man,True,Southampton,no,True,0
766,0,1,male,-0.6471951147908197,0,0,-0.4382418972847968,C,First,man,True,Cherbourg,no,True,0
767,0,3,female,-0.6176396280518002,0,0,-2.069378172179976,Q,Third,woman,False,Queenstown,no,True,0
768,0,3,male,-0.6471951147908197,1,0,-0.9327866354466501,Q,Third,man,True,Queenstown,no,False,1
769,0,3,male,-0.5645298027378518,0,0,-1.9933135900908847,S,Third,man,True,Southampton,no,True,0
770,0,3,male,-0.8873031950009028,0,0,-1.8657792169387366,S,Third,man,True,Southampton,no,True,0
771,0,3,male,-0.12516314295400605,0,0,-2.0560225949822875,S,Third,man,True,Southampton,no,True,0
774,1,2,female,0.0,1,3,-0.981576799616082,S,Second,woman,False,Southampton,yes,False,4
775,0,3,male,-1.2237754316221159,0,0,-2.069378172179976,S,Third,man,True,Southampton,no,True,0
777,1,3,female,-3.2386784521643803,0,0,-1.5933443739076494,S,Third,child,False,Southampton,yes,True,0
778,0,3,male,-0.6471951147908197,0,0,-2.0709923775345174,Q,Third,man,True,Queenstown,no,True,0
780,1,3,female,-1.6292405397302803,0,0,-2.1389426355658854,C,Third,child,False,Cherbourg,yes,True,0
781,1,1,female,-1.2927683031090673,1,0,-0.07401974771068161,S,First,woman,False,Southampton,yes,False,1
782,0,1,male,-0.6737290947028438,0,0,-0.7158736338830763,S,First,man,True,Southampton,no,True,0
783,0,3,male,-0.6471951147908197,1,2,-0.9622005206529435,S,Third,man,True,Southampton,no,False,3
784,0,3,male,-0.84078317936601,0,0,-2.1640433987210543,S,Third,man,True,Southampton,no,True,0
785,0,3,male,-0.84078317936601,0,0,-2.136069546678648,S,Third,man,True,Southampton,no,True,0
786,1,3,female,-1.2237754316221159,0,0,-2.1027281518615304,S,Third,woman,False,Southampton,yes,True,0
787,0,3,male,-2.322387720290225,4,1,-0.7454741036593671,Q,Third,child,False,Queenstown,no,False,5
791,0,2,male,-1.3668762752627892,0,0,-0.8589744775237497,S,Second,man,True,Southampton,no,True,0
793,0,1,male,-0.6471951147908197,0,0,-0.6929451781287129,C,First,man,True,Cherbourg,no,True,0
794,0,3,male,-0.84078317936601,0,0,-2.0507400430154914,S,Third,man,True,Southampton,no,True,0
795,0,2,male,-0.34830669426821587,0,0,-1.552121658083695,S,Second,man,True,Southampton,no,True,0
796,1,1,female,-0.10318423623523075,0,0,-0.8617012687652399,S,First,woman,False,Southampton,yes,True,0
797,1,3,female,-0.5996211225491219,0,0,-1.9556693747929268,S,Third,woman,False,Southampton,yes,True,0
798,0,3,male,-0.6359887667199967,0,0,-2.1389426355658854,C,Third,man,True,Cherbourg,no,True,0
799,0,3,female,-0.6359887667199967,1,1,-0.9327866354466501,S,Third,woman,False,Southampton,no,False,2
801,1,2,female,-0.5996211225491219,1,1,-0.849405026507599,S,Second,woman,False,Southampton,yes,False,2
804,1,3,male,-0.7537718023763802,0,0,-2.1747386878378023,S,Third,man,True,Southampton,yes,True,0
805,0,3,male,-0.5996211225491219,0,0,-2.066157557479934,S,Third,man,True,Southampton,no,True,0
806,0,1,male,-0.34830669426821587,0,0,-inf,S,First,man,True,Southampton,no,True,0
807,0,3,female,-1.2237754316221159,0,0,-2.066157557479934,S,Third,woman,False,Southampton,no,True,0
809,1,1,female,-0.5306282510621704,1,0,-0.1448940872973386,S,First,woman,False,Southampton,yes,False,1
810,0,3,male,-0.7963314167951762,0,0,-2.0517917876779,S,Third,man,True,Southampton,no,True,0
811,0,3,male,-0.34830669426821587,0,0,-0.9327866354466501,S,Third,man,True,Southampton,no,True,0
812,0,2,male,-0.46608972992459924,0,0,-1.765695758381754,S,Second,man,True,Southampton,no,True,0
813,0,3,female,-2.833213344056216,4,2,-0.674251959192257,S,Third,child,False,Southampton,no,False,6
814,0,3,male,-0.6176396280518002,0,0,-2.0313989241147596,S,Third,man,True,Southampton,no,True,0
816,0,3,female,-0.9360933591703348,0,0,-2.0470486957818874,S,Third,woman,False,Southampton,no,True,0
817,0,2,male,-0.5996211225491219,1,1,-0.5060395958296653,C,Second,man,True,Cherbourg,no,False,2
818,0,3,male,-0.24294617861038947,0,0,-2.2529908847375504,S,Third,man,True,Southampton,no,True,0
819,0,3,male,-1.9859154836690123,3,2,-0.7884443267179118,S,Third,child,False,Southampton,no,False,5
821,1,3,male,-0.7537718023763802,0,0,-1.95806765102921,S,Third,man,True,Southampton,yes,True,0
822,0,1,male,-0.3764775712349121,0,0,-inf,S,First,man,True,Southampton,no,True,0
823,1,3,female,-0.7537718023763802,0,1,-1.5933443739076494,S,Third,woman,False,Southampton,yes,False,1
825,0,3,male,-0.6471951147908197,0,0,-2.178329355968531,Q,Third,man,True,Queenstown,no,True,0
826,0,3,male,-0.6471951147908197,0,0,-0.08290471643910076,S,Third,man,True,Southampton,no,True,0
828,1,3,male,-0.6471951147908197,0,0,-2.069378172179976,Q,Third,man,True,Queenstown,yes,True,0
830,1,3,female,-1.4469189829363254,1,0,-1.4460859857800346,C,Third,child,False,Cherbourg,yes,False,1
833,0,3,male,-0.9360933591703348,0,0,-2.0560225949822875,S,Third,man,True,Southampton,no,True,0
834,0,3,male,-1.2237754316221159,0,0,-2.0008155007426796,S,Third,man,True,Southampton,no,True,0
836,0,3,male,-1.0414538748281612,0,0,-1.95806765102921,S,Third,man,True,Southampton,no,True,0
839,1,1,male,-0.6471951147908197,0,0,-0.7259239697365779,C,First,man,True,Cherbourg,yes,True,0
840,0,3,male,-1.0986122886681098,0,0,-2.0470486957818874,S,Third,man,True,Southampton,no,True,0
841,0,2,male,-1.3668762752627892,0,0,-1.765695758381754,S,Second,man,True,Southampton,no,True,0
842,1,1,female,-0.6359887667199967,0,0,-0.6830838110600855,C,First,woman,False,Cherbourg,yes,True,0
843,0,3,male,-0.4818380868927383,0,0,-2.254930749555377,C,Third,man,True,Cherbourg,no,True,0
845,0,3,male,-0.2682639865946794,0,0,-2.0955234522842985,S,Third,man,True,Southampton,no,True,0
847,0,3,male,-0.46608972992459924,0,0,-2.0507400430154914,C,Third,man,True,Cherbourg,no,True,0
848,0,2,male,-0.7129498078561249,0,1,-0.6205634540787515,S,Second,man,True,Southampton,no,False,1
850,0,3,male,-3.9318256327243257,4,2,-0.674251959192257,S,Third,child,False,Southampton,no,False,6
852,0,3,female,-2.1400661634962708,1,1,-1.3927669602601305,C,Third,child,False,Cherbourg,no,False,2
853,1,1,female,-1.3668762752627892,0,1,-0.4433051992413436,S,First,woman,False,Southampton,yes,False,1
854,0,2,female,-0.21825356602001794,1,0,-0.8589744775237497,S,Second,woman,False,Southampton,no,False,1
855,1,3,female,-1.2237754316221159,0,1,-1.8816946722446362,S,Third,woman,False,Southampton,yes,False,1
857,1,1,male,-0.060624621816434854,0,0,-0.838041267857284,S,First,man,True,Southampton,yes,True,0
858,1,3,female,-0.8873031950009028,0,3,-1.15912887890684,C,Third,woman,False,Cherbourg,yes,False,3
860,0,3,male,-0.29423947299793995,2,0,-1.4703077388667505,S,Third,man,True,Southampton,no,False,2
861,0,2,male,-1.0414538748281612,1,0,-1.6747239801760272,S,Second,man,True,Southampton,no,False,1
862,1,1,female,-0.12516314295400605,0,0,-0.8617012687652399,S,First,woman,False,Southampton,yes,True,0
864,0,2,male,-0.8873031950009028,0,0,-1.552121658083695,S,Second,man,True,Southampton,no,True,0
865,1,2,female,-0.2682639865946794,0,0,-1.552121658083695,S,Second,woman,False,Southampton,yes,True,0
866,1,2,female,-0.7537718023763802,1,0,-1.4881866844288845,C,Second,woman,False,Cherbourg,yes,False,1
867,0,1,male,-0.5996211225491219,0,0,-0.1951808510394255,S,First,man,True,Southampton,no,True,0
868,0,3,male,-0.6471951147908197,0,0,-1.8657792169387366,S,Third,man,True,Southampton,no,True,0
869,1,3,male,-3.9318256327243257,1,1,-1.7071303982471446,S,Third,child,False,Southampton,yes,False,2
871,1,1,female,-0.14763599880606468,1,1,-0.1552259975339978,S,First,woman,False,Southampton,yes,False,2
872,0,1,male,-0.5306282510621704,0,0,-2.5076331031111314,S,First,man,True,Southampton,no,True,0
873,0,3,male,-0.14763599880606468,0,0,-1.9198464382090124,S,Third,man,True,Southampton,no,True,0
874,1,2,female,-0.7129498078561249,1,0,-0.9390171851972862,C,Second,woman,False,Cherbourg,yes,False,1
875,1,3,female,-1.4469189829363254,0,0,-2.139523781546736,C,Third,child,False,Cherbourg,yes,True,0
876,0,3,male,-1.0986122886681098,0,0,-1.8300260472329186,S,Third,man,True,Southampton,no,True,0
880,1,2,female,-0.84078317936601,0,1,-0.8589744775237497,S,Second,woman,False,Southampton,yes,False,1
881,0,3,male,-0.5306282510621704,0,0,-2.0507400430154914,S,Third,man,True,Southampton,no,True,0
882,0,3,female,-0.9873866535578852,0,0,-1.7641065456590346,S,Third,woman,False,Southampton,no,True,0
883,0,2,male,-0.7129498078561249,0,0,-1.765695758381754,S,Second,man,True,Southampton,no,True,0
885,0,3,female,-0.34830669426821587,0,5,-0.7454741036593671,Q,Third,woman,False,Queenstown,no,False,5
887,1,1,female,-1.1592369104845446,0,0,-0.7158736338830763,S,First,woman,False,Southampton,yes,True,0
888,0,3,female,-0.6471951147908197,1,2,-0.9622005206529435,S,Third,woman,False,Southampton,no,False,3
889,1,1,male,-0.7963314167951762,0,0,-0.7158736338830763,C,First,man,True,Cherbourg,yes,True,0
890,0,3,male,-0.5645298027378518,0,0,-2.069378172179976,Q,Third,man,True,Queenstown,no,True,0
